Adăugare blindat,19-05-2023 07:43
Adăugare blindat,19-05-2023 07:43
Adăugare blindat,19-05-2023 07:43
Adăugare vehicul,19-05-2023 07:43
Adăugare vehicul,19-05-2023 07:43
Adăugare vehicul,19-05-2023 07:43
Adăugare transportor,19-05-2023 07:43
Adăugare transportor,19-05-2023 07:43
Adăugare transportor,19-05-2023 07:43
Adăugare transportor,19-05-2023 07:43
Adăugare transportor,19-05-2023 07:43
Adăugare vehicul,19-05-2023 07:43
Adăugare vehicul,19-05-2023 07:43
Adăugare vehicul,19-05-2023 07:43
Adăugare vehicul,19-05-2023 07:43
Adăugare vehicul,19-05-2023 07:43
Adăugare autovehicul,19-05-2023 07:43
Adăugare autovehicul,19-05-2023 07:43
Adăugare autovehicul,19-05-2023 07:43
Adăugare autovehicul,19-05-2023 07:43
Adăugare autovehicul,19-05-2023 07:43
Adăugare autovehicul,19-05-2023 07:43
Adăugare vehicul,19-05-2023 07:43
Adăugare vehicul,19-05-2023 07:43
Adăugare vehicul,19-05-2023 07:43
Adăugare vehicul,19-05-2023 07:43
Adăugare vehicul,19-05-2023 07:43
Adăugare vehicul,19-05-2023 07:43
Adăugare element artilerie,19-05-2023 07:43
Adăugare element artilerie,19-05-2023 07:43
Adăugare element artilerie,19-05-2023 07:43
Adăugare element artilerie,19-05-2023 07:43
Adăugare element artilerie,19-05-2023 07:43
Adăugare element artilerie,19-05-2023 07:43
Adăugare element artilerie,19-05-2023 07:43
Adăugare echipament special,19-05-2023 07:43
Adăugare echipament special,19-05-2023 07:43
Adăugare echipament special,19-05-2023 07:43
Adăugare echipament special,19-05-2023 07:43
Adăugare echipament special,19-05-2023 07:43
Adăugare echipament special,19-05-2023 07:43
Adăugare echipament special,19-05-2023 07:43
Adăugare element infanterie,19-05-2023 07:43
Adăugare element infanterie,19-05-2023 07:43
Adăugare element infanterie,19-05-2023 07:43
Adăugare element infanterie,19-05-2023 07:43
Adăugare element infanterie,19-05-2023 07:43
Adăugare element infanterie,19-05-2023 07:43
Adăugare element infanterie,19-05-2023 07:43
Adăugare element infanterie,19-05-2023 07:43
Adăugare element infanterie,19-05-2023 07:43
Adăugare element infanterie,19-05-2023 07:43
Adăugare element infanterie,19-05-2023 07:43
Adăugare element infanterie,19-05-2023 07:43
Adăugare element infanterie,19-05-2023 07:43
Adăugare element infanterie,19-05-2023 07:43
Adăugare element infanterie,19-05-2023 07:43
Adăugare angajat,19-05-2023 07:43
Adăugare angajat,19-05-2023 07:43
Adăugare angajat,19-05-2023 07:43
Adăugare angajat,19-05-2023 07:43
Adăugare angajat,19-05-2023 07:43
Adăugare angajat,19-05-2023 07:43
Adăugare angajat,19-05-2023 07:43
Adăugare angajat,19-05-2023 07:43
Adăugare angajat,19-05-2023 07:43
Adăugare angajat,19-05-2023 07:43
Adăugare blindat,19-05-2023 07:43
Adăugare blindat,19-05-2023 07:43
Adăugare blindat,19-05-2023 07:43
Adăugare transportor,19-05-2023 07:43
Adăugare transportor,19-05-2023 07:43
Adăugare transportor,19-05-2023 07:43
Adăugare transportor,19-05-2023 07:43
Adăugare transportor,19-05-2023 07:43
Adăugare autovehicul,19-05-2023 07:43
Adăugare autovehicul,19-05-2023 07:43
Adăugare autovehicul,19-05-2023 07:43
Adăugare autovehicul,19-05-2023 07:43
Adăugare autovehicul,19-05-2023 07:43
Adăugare autovehicul,19-05-2023 07:43
Adăugare element artilerie,19-05-2023 07:43
Adăugare element artilerie,19-05-2023 07:43
Adăugare element artilerie,19-05-2023 07:43
Adăugare element artilerie,19-05-2023 07:43
Adăugare element artilerie,19-05-2023 07:43
Adăugare element artilerie,19-05-2023 07:43
Adăugare element artilerie,19-05-2023 07:43
Adăugare echipament special,19-05-2023 07:43
Adăugare echipament special,19-05-2023 07:43
Adăugare echipament special,19-05-2023 07:43
Adăugare echipament special,19-05-2023 07:43
Adăugare echipament special,19-05-2023 07:43
Adăugare echipament special,19-05-2023 07:43
Adăugare echipament special,19-05-2023 07:43
Adăugare element infanterie,19-05-2023 07:43
Adăugare element infanterie,19-05-2023 07:43
Adăugare element infanterie,19-05-2023 07:43
Adăugare element infanterie,19-05-2023 07:43
Adăugare element infanterie,19-05-2023 07:43
Adăugare element infanterie,19-05-2023 07:43
Adăugare element infanterie,19-05-2023 07:43
Adăugare element infanterie,19-05-2023 07:43
Adăugare element infanterie,19-05-2023 07:43
Adăugare element infanterie,19-05-2023 07:43
Adăugare element infanterie,19-05-2023 07:43
Adăugare element infanterie,19-05-2023 07:43
Adăugare element infanterie,19-05-2023 07:43
Adăugare element infanterie,19-05-2023 07:43
Adăugare element infanterie,19-05-2023 07:43
Adăugare angajat,19-05-2023 07:43
Adăugare angajat,19-05-2023 07:43
Adăugare angajat,19-05-2023 07:43
Adăugare angajat,19-05-2023 07:43
Adăugare angajat,19-05-2023 07:43
Adăugare angajat,19-05-2023 07:43
Adăugare angajat,19-05-2023 07:43
Adăugare angajat,19-05-2023 07:43
Adăugare angajat,19-05-2023 07:43
Adăugare angajat,19-05-2023 07:43
Adăugare blindat,19-05-2023 07:47
Adăugare blindat,19-05-2023 07:47
Adăugare blindat,19-05-2023 07:47
Adăugare transportor,19-05-2023 07:47
Adăugare transportor,19-05-2023 07:47
Adăugare transportor,19-05-2023 07:47
Adăugare transportor,19-05-2023 07:47
Adăugare transportor,19-05-2023 07:47
Adăugare autovehicul,19-05-2023 07:47
Adăugare autovehicul,19-05-2023 07:47
Adăugare autovehicul,19-05-2023 07:47
Adăugare autovehicul,19-05-2023 07:47
Adăugare autovehicul,19-05-2023 07:47
Adăugare autovehicul,19-05-2023 07:47
Adăugare element artilerie,19-05-2023 07:47
Adăugare element artilerie,19-05-2023 07:47
Adăugare element artilerie,19-05-2023 07:47
Adăugare element artilerie,19-05-2023 07:47
Adăugare element artilerie,19-05-2023 07:47
Adăugare element artilerie,19-05-2023 07:47
Adăugare element artilerie,19-05-2023 07:47
Adăugare echipament special,19-05-2023 07:47
Adăugare echipament special,19-05-2023 07:47
Adăugare echipament special,19-05-2023 07:47
Adăugare echipament special,19-05-2023 07:47
Adăugare echipament special,19-05-2023 07:47
Adăugare echipament special,19-05-2023 07:47
Adăugare echipament special,19-05-2023 07:47
Adăugare element infanterie,19-05-2023 07:47
Adăugare element infanterie,19-05-2023 07:47
Adăugare element infanterie,19-05-2023 07:47
Adăugare element infanterie,19-05-2023 07:47
Adăugare element infanterie,19-05-2023 07:47
Adăugare element infanterie,19-05-2023 07:47
Adăugare element infanterie,19-05-2023 07:47
Adăugare element infanterie,19-05-2023 07:47
Adăugare element infanterie,19-05-2023 07:47
Adăugare element infanterie,19-05-2023 07:47
Adăugare element infanterie,19-05-2023 07:47
Adăugare element infanterie,19-05-2023 07:47
Adăugare element infanterie,19-05-2023 07:47
Adăugare element infanterie,19-05-2023 07:47
Adăugare element infanterie,19-05-2023 07:47
Adăugare angajat,19-05-2023 07:47
Adăugare angajat,19-05-2023 07:47
Adăugare angajat,19-05-2023 07:47
Adăugare angajat,19-05-2023 07:47
Adăugare angajat,19-05-2023 07:47
Adăugare angajat,19-05-2023 07:47
Adăugare angajat,19-05-2023 07:47
Adăugare angajat,19-05-2023 07:47
Adăugare angajat,19-05-2023 07:47
Adăugare angajat,19-05-2023 07:47
Adăugare blindat,19-05-2023 07:47
Adăugare blindat,19-05-2023 07:47
Adăugare blindat,19-05-2023 07:47
Adăugare transportor,19-05-2023 07:47
Adăugare transportor,19-05-2023 07:47
Adăugare transportor,19-05-2023 07:47
Adăugare transportor,19-05-2023 07:47
Adăugare transportor,19-05-2023 07:47
Adăugare autovehicul,19-05-2023 07:47
Adăugare autovehicul,19-05-2023 07:47
Adăugare autovehicul,19-05-2023 07:47
Adăugare autovehicul,19-05-2023 07:47
Adăugare autovehicul,19-05-2023 07:47
Adăugare autovehicul,19-05-2023 07:47
Adăugare element artilerie,19-05-2023 07:47
Adăugare element artilerie,19-05-2023 07:47
Adăugare element artilerie,19-05-2023 07:47
Adăugare element artilerie,19-05-2023 07:47
Adăugare element artilerie,19-05-2023 07:47
Adăugare element artilerie,19-05-2023 07:47
Adăugare element artilerie,19-05-2023 07:47
Adăugare echipament special,19-05-2023 07:47
Adăugare echipament special,19-05-2023 07:47
Adăugare echipament special,19-05-2023 07:47
Adăugare echipament special,19-05-2023 07:47
Adăugare echipament special,19-05-2023 07:47
Adăugare echipament special,19-05-2023 07:47
Adăugare echipament special,19-05-2023 07:47
Adăugare element infanterie,19-05-2023 07:47
Adăugare element infanterie,19-05-2023 07:47
Adăugare element infanterie,19-05-2023 07:47
Adăugare element infanterie,19-05-2023 07:47
Adăugare element infanterie,19-05-2023 07:47
Adăugare element infanterie,19-05-2023 07:47
Adăugare element infanterie,19-05-2023 07:47
Adăugare element infanterie,19-05-2023 07:47
Adăugare element infanterie,19-05-2023 07:47
Adăugare element infanterie,19-05-2023 07:47
Adăugare element infanterie,19-05-2023 07:47
Adăugare element infanterie,19-05-2023 07:47
Adăugare element infanterie,19-05-2023 07:47
Adăugare element infanterie,19-05-2023 07:47
Adăugare element infanterie,19-05-2023 07:47
Adăugare angajat,19-05-2023 07:47
Adăugare angajat,19-05-2023 07:47
Adăugare angajat,19-05-2023 07:47
Adăugare angajat,19-05-2023 07:47
Adăugare angajat,19-05-2023 07:47
Adăugare angajat,19-05-2023 07:47
Adăugare angajat,19-05-2023 07:47
Adăugare angajat,19-05-2023 07:47
Adăugare angajat,19-05-2023 07:47
Adăugare angajat,19-05-2023 07:47
Adăugare blindat,19-05-2023 07:49
Adăugare blindat,19-05-2023 07:49
Adăugare blindat,19-05-2023 07:49
Adăugare transportor,19-05-2023 07:49
Adăugare transportor,19-05-2023 07:49
Adăugare transportor,19-05-2023 07:49
Adăugare transportor,19-05-2023 07:49
Adăugare transportor,19-05-2023 07:49
Adăugare autovehicul,19-05-2023 07:49
Adăugare autovehicul,19-05-2023 07:49
Adăugare autovehicul,19-05-2023 07:49
Adăugare autovehicul,19-05-2023 07:49
Adăugare autovehicul,19-05-2023 07:49
Adăugare autovehicul,19-05-2023 07:49
Adăugare element artilerie,19-05-2023 07:49
Adăugare element artilerie,19-05-2023 07:49
Adăugare element artilerie,19-05-2023 07:49
Adăugare element artilerie,19-05-2023 07:49
Adăugare element artilerie,19-05-2023 07:49
Adăugare element artilerie,19-05-2023 07:49
Adăugare element artilerie,19-05-2023 07:49
Adăugare echipament special,19-05-2023 07:49
Adăugare echipament special,19-05-2023 07:49
Adăugare echipament special,19-05-2023 07:49
Adăugare echipament special,19-05-2023 07:49
Adăugare echipament special,19-05-2023 07:49
Adăugare echipament special,19-05-2023 07:49
Adăugare echipament special,19-05-2023 07:49
Adăugare element infanterie,19-05-2023 07:49
Adăugare element infanterie,19-05-2023 07:49
Adăugare element infanterie,19-05-2023 07:49
Adăugare element infanterie,19-05-2023 07:49
Adăugare element infanterie,19-05-2023 07:49
Adăugare element infanterie,19-05-2023 07:49
Adăugare element infanterie,19-05-2023 07:49
Adăugare element infanterie,19-05-2023 07:49
Adăugare element infanterie,19-05-2023 07:49
Adăugare element infanterie,19-05-2023 07:49
Adăugare element infanterie,19-05-2023 07:49
Adăugare element infanterie,19-05-2023 07:49
Adăugare element infanterie,19-05-2023 07:49
Adăugare element infanterie,19-05-2023 07:49
Adăugare element infanterie,19-05-2023 07:49
Adăugare angajat,19-05-2023 07:49
Adăugare angajat,19-05-2023 07:49
Adăugare angajat,19-05-2023 07:49
Adăugare angajat,19-05-2023 07:49
Adăugare angajat,19-05-2023 07:49
Adăugare angajat,19-05-2023 07:49
Adăugare angajat,19-05-2023 07:49
Adăugare angajat,19-05-2023 07:49
Adăugare angajat,19-05-2023 07:49
Adăugare angajat,19-05-2023 07:49
Adăugare blindat,19-05-2023 07:51
Adăugare blindat,19-05-2023 07:51
Adăugare blindat,19-05-2023 07:51
Adăugare transportor,19-05-2023 07:51
Adăugare transportor,19-05-2023 07:51
Adăugare transportor,19-05-2023 07:51
Adăugare transportor,19-05-2023 07:51
Adăugare transportor,19-05-2023 07:51
Adăugare autovehicul,19-05-2023 07:51
Adăugare autovehicul,19-05-2023 07:51
Adăugare autovehicul,19-05-2023 07:51
Adăugare autovehicul,19-05-2023 07:51
Adăugare autovehicul,19-05-2023 07:51
Adăugare autovehicul,19-05-2023 07:51
Adăugare element artilerie,19-05-2023 07:51
Adăugare element artilerie,19-05-2023 07:51
Adăugare element artilerie,19-05-2023 07:51
Adăugare element artilerie,19-05-2023 07:51
Adăugare element artilerie,19-05-2023 07:51
Adăugare element artilerie,19-05-2023 07:51
Adăugare element artilerie,19-05-2023 07:51
Adăugare echipament special,19-05-2023 07:51
Adăugare echipament special,19-05-2023 07:51
Adăugare echipament special,19-05-2023 07:51
Adăugare echipament special,19-05-2023 07:51
Adăugare echipament special,19-05-2023 07:51
Adăugare echipament special,19-05-2023 07:51
Adăugare echipament special,19-05-2023 07:51
Adăugare element infanterie,19-05-2023 07:51
Adăugare element infanterie,19-05-2023 07:51
Adăugare element infanterie,19-05-2023 07:51
Adăugare element infanterie,19-05-2023 07:51
Adăugare element infanterie,19-05-2023 07:51
Adăugare element infanterie,19-05-2023 07:51
Adăugare element infanterie,19-05-2023 07:51
Adăugare element infanterie,19-05-2023 07:51
Adăugare element infanterie,19-05-2023 07:51
Adăugare element infanterie,19-05-2023 07:51
Adăugare element infanterie,19-05-2023 07:51
Adăugare element infanterie,19-05-2023 07:51
Adăugare element infanterie,19-05-2023 07:51
Adăugare element infanterie,19-05-2023 07:51
Adăugare element infanterie,19-05-2023 07:51
Adăugare angajat,19-05-2023 07:51
Adăugare angajat,19-05-2023 07:51
Adăugare angajat,19-05-2023 07:51
Adăugare angajat,19-05-2023 07:51
Adăugare angajat,19-05-2023 07:51
Adăugare angajat,19-05-2023 07:51
Adăugare angajat,19-05-2023 07:51
Adăugare angajat,19-05-2023 07:51
Adăugare angajat,19-05-2023 07:51
Adăugare angajat,19-05-2023 07:51
Adăugare blindat,19-05-2023 08:00
Adăugare blindat,19-05-2023 08:00
Adăugare blindat,19-05-2023 08:00
Adăugare transportor,19-05-2023 08:00
Adăugare transportor,19-05-2023 08:00
Adăugare transportor,19-05-2023 08:00
Adăugare transportor,19-05-2023 08:00
Adăugare transportor,19-05-2023 08:00
Adăugare autovehicul,19-05-2023 08:00
Adăugare autovehicul,19-05-2023 08:00
Adăugare autovehicul,19-05-2023 08:00
Adăugare autovehicul,19-05-2023 08:00
Adăugare autovehicul,19-05-2023 08:00
Adăugare autovehicul,19-05-2023 08:00
Adăugare element artilerie,19-05-2023 08:00
Adăugare element artilerie,19-05-2023 08:00
Adăugare element artilerie,19-05-2023 08:00
Adăugare element artilerie,19-05-2023 08:00
Adăugare element artilerie,19-05-2023 08:00
Adăugare element artilerie,19-05-2023 08:00
Adăugare element artilerie,19-05-2023 08:00
Adăugare echipament special,19-05-2023 08:00
Adăugare echipament special,19-05-2023 08:00
Adăugare echipament special,19-05-2023 08:00
Adăugare echipament special,19-05-2023 08:00
Adăugare echipament special,19-05-2023 08:00
Adăugare echipament special,19-05-2023 08:00
Adăugare echipament special,19-05-2023 08:00
Adăugare element infanterie,19-05-2023 08:00
Adăugare element infanterie,19-05-2023 08:00
Adăugare element infanterie,19-05-2023 08:00
Adăugare element infanterie,19-05-2023 08:00
Adăugare element infanterie,19-05-2023 08:00
Adăugare element infanterie,19-05-2023 08:00
Adăugare element infanterie,19-05-2023 08:00
Adăugare element infanterie,19-05-2023 08:00
Adăugare element infanterie,19-05-2023 08:00
Adăugare element infanterie,19-05-2023 08:00
Adăugare element infanterie,19-05-2023 08:00
Adăugare element infanterie,19-05-2023 08:00
Adăugare element infanterie,19-05-2023 08:00
Adăugare element infanterie,19-05-2023 08:00
Adăugare element infanterie,19-05-2023 08:00
Adăugare angajat,19-05-2023 08:00
Adăugare angajat,19-05-2023 08:00
Adăugare angajat,19-05-2023 08:00
Adăugare angajat,19-05-2023 08:00
Adăugare angajat,19-05-2023 08:00
Adăugare angajat,19-05-2023 08:00
Adăugare angajat,19-05-2023 08:00
Adăugare angajat,19-05-2023 08:00
Adăugare angajat,19-05-2023 08:00
Adăugare angajat,19-05-2023 08:00
Adăugare blindat,19-05-2023 08:00
Adăugare blindat,19-05-2023 08:00
Adăugare blindat,19-05-2023 08:00
Adăugare transportor,19-05-2023 08:00
Adăugare transportor,19-05-2023 08:00
Adăugare transportor,19-05-2023 08:00
Adăugare transportor,19-05-2023 08:00
Adăugare transportor,19-05-2023 08:00
Adăugare autovehicul,19-05-2023 08:00
Adăugare autovehicul,19-05-2023 08:00
Adăugare autovehicul,19-05-2023 08:00
Adăugare autovehicul,19-05-2023 08:00
Adăugare autovehicul,19-05-2023 08:00
Adăugare autovehicul,19-05-2023 08:00
Adăugare element artilerie,19-05-2023 08:00
Adăugare element artilerie,19-05-2023 08:00
Adăugare element artilerie,19-05-2023 08:00
Adăugare element artilerie,19-05-2023 08:00
Adăugare element artilerie,19-05-2023 08:00
Adăugare element artilerie,19-05-2023 08:00
Adăugare element artilerie,19-05-2023 08:00
Adăugare echipament special,19-05-2023 08:00
Adăugare echipament special,19-05-2023 08:00
Adăugare echipament special,19-05-2023 08:00
Adăugare echipament special,19-05-2023 08:00
Adăugare echipament special,19-05-2023 08:00
Adăugare echipament special,19-05-2023 08:00
Adăugare echipament special,19-05-2023 08:00
Adăugare element infanterie,19-05-2023 08:00
Adăugare element infanterie,19-05-2023 08:00
Adăugare element infanterie,19-05-2023 08:00
Adăugare element infanterie,19-05-2023 08:00
Adăugare element infanterie,19-05-2023 08:00
Adăugare element infanterie,19-05-2023 08:00
Adăugare element infanterie,19-05-2023 08:00
Adăugare element infanterie,19-05-2023 08:00
Adăugare element infanterie,19-05-2023 08:00
Adăugare element infanterie,19-05-2023 08:00
Adăugare element infanterie,19-05-2023 08:00
Adăugare element infanterie,19-05-2023 08:00
Adăugare element infanterie,19-05-2023 08:00
Adăugare element infanterie,19-05-2023 08:00
Adăugare element infanterie,19-05-2023 08:00
Adăugare angajat,19-05-2023 08:00
Adăugare angajat,19-05-2023 08:00
Adăugare angajat,19-05-2023 08:00
Adăugare angajat,19-05-2023 08:00
Adăugare angajat,19-05-2023 08:00
Adăugare angajat,19-05-2023 08:00
Adăugare angajat,19-05-2023 08:00
Adăugare angajat,19-05-2023 08:00
Adăugare angajat,19-05-2023 08:00
Adăugare angajat,19-05-2023 08:00
Adăugare blindat,19-05-2023 08:01
Adăugare blindat,19-05-2023 08:01
Adăugare blindat,19-05-2023 08:01
Adăugare transportor,19-05-2023 08:01
Adăugare transportor,19-05-2023 08:01
Adăugare transportor,19-05-2023 08:01
Adăugare transportor,19-05-2023 08:01
Adăugare transportor,19-05-2023 08:01
Adăugare autovehicul,19-05-2023 08:01
Adăugare autovehicul,19-05-2023 08:01
Adăugare autovehicul,19-05-2023 08:01
Adăugare autovehicul,19-05-2023 08:01
Adăugare autovehicul,19-05-2023 08:01
Adăugare autovehicul,19-05-2023 08:01
Adăugare element artilerie,19-05-2023 08:01
Adăugare element artilerie,19-05-2023 08:01
Adăugare element artilerie,19-05-2023 08:01
Adăugare element artilerie,19-05-2023 08:01
Adăugare element artilerie,19-05-2023 08:01
Adăugare element artilerie,19-05-2023 08:01
Adăugare element artilerie,19-05-2023 08:01
Adăugare echipament special,19-05-2023 08:01
Adăugare echipament special,19-05-2023 08:01
Adăugare echipament special,19-05-2023 08:01
Adăugare echipament special,19-05-2023 08:01
Adăugare echipament special,19-05-2023 08:01
Adăugare echipament special,19-05-2023 08:01
Adăugare echipament special,19-05-2023 08:01
Adăugare element infanterie,19-05-2023 08:01
Adăugare element infanterie,19-05-2023 08:01
Adăugare element infanterie,19-05-2023 08:01
Adăugare element infanterie,19-05-2023 08:01
Adăugare element infanterie,19-05-2023 08:01
Adăugare element infanterie,19-05-2023 08:01
Adăugare element infanterie,19-05-2023 08:01
Adăugare element infanterie,19-05-2023 08:01
Adăugare element infanterie,19-05-2023 08:01
Adăugare element infanterie,19-05-2023 08:01
Adăugare element infanterie,19-05-2023 08:01
Adăugare element infanterie,19-05-2023 08:01
Adăugare element infanterie,19-05-2023 08:01
Adăugare element infanterie,19-05-2023 08:01
Adăugare element infanterie,19-05-2023 08:01
Adăugare angajat,19-05-2023 08:01
Adăugare angajat,19-05-2023 08:01
Adăugare angajat,19-05-2023 08:01
Adăugare angajat,19-05-2023 08:01
Adăugare angajat,19-05-2023 08:01
Adăugare angajat,19-05-2023 08:01
Adăugare angajat,19-05-2023 08:01
Adăugare angajat,19-05-2023 08:01
Adăugare angajat,19-05-2023 08:01
Adăugare angajat,19-05-2023 08:01
Adăugare blindat,19-05-2023 08:01
Adăugare blindat,19-05-2023 08:01
Adăugare blindat,19-05-2023 08:01
Adăugare transportor,19-05-2023 08:01
Adăugare transportor,19-05-2023 08:01
Adăugare transportor,19-05-2023 08:01
Adăugare transportor,19-05-2023 08:01
Adăugare transportor,19-05-2023 08:01
Adăugare autovehicul,19-05-2023 08:01
Adăugare autovehicul,19-05-2023 08:01
Adăugare autovehicul,19-05-2023 08:01
Adăugare autovehicul,19-05-2023 08:01
Adăugare autovehicul,19-05-2023 08:01
Adăugare autovehicul,19-05-2023 08:01
Adăugare element artilerie,19-05-2023 08:01
Adăugare element artilerie,19-05-2023 08:01
Adăugare element artilerie,19-05-2023 08:01
Adăugare element artilerie,19-05-2023 08:01
Adăugare element artilerie,19-05-2023 08:01
Adăugare element artilerie,19-05-2023 08:01
Adăugare element artilerie,19-05-2023 08:01
Adăugare echipament special,19-05-2023 08:01
Adăugare echipament special,19-05-2023 08:01
Adăugare echipament special,19-05-2023 08:01
Adăugare echipament special,19-05-2023 08:01
Adăugare echipament special,19-05-2023 08:01
Adăugare echipament special,19-05-2023 08:01
Adăugare echipament special,19-05-2023 08:01
Adăugare element infanterie,19-05-2023 08:01
Adăugare element infanterie,19-05-2023 08:01
Adăugare element infanterie,19-05-2023 08:01
Adăugare element infanterie,19-05-2023 08:01
Adăugare element infanterie,19-05-2023 08:01
Adăugare element infanterie,19-05-2023 08:01
Adăugare element infanterie,19-05-2023 08:01
Adăugare element infanterie,19-05-2023 08:01
Adăugare element infanterie,19-05-2023 08:01
Adăugare element infanterie,19-05-2023 08:01
Adăugare element infanterie,19-05-2023 08:01
Adăugare element infanterie,19-05-2023 08:01
Adăugare element infanterie,19-05-2023 08:01
Adăugare element infanterie,19-05-2023 08:01
Adăugare element infanterie,19-05-2023 08:01
Adăugare angajat,19-05-2023 08:01
Adăugare angajat,19-05-2023 08:01
Adăugare angajat,19-05-2023 08:01
Adăugare angajat,19-05-2023 08:01
Adăugare angajat,19-05-2023 08:01
Adăugare angajat,19-05-2023 08:01
Adăugare angajat,19-05-2023 08:01
Adăugare angajat,19-05-2023 08:01
Adăugare angajat,19-05-2023 08:01
Adăugare angajat,19-05-2023 08:01
Adăugare blindat,19-05-2023 08:02
Adăugare blindat,19-05-2023 08:02
Adăugare blindat,19-05-2023 08:02
Adăugare transportor,19-05-2023 08:02
Adăugare transportor,19-05-2023 08:02
Adăugare transportor,19-05-2023 08:02
Adăugare transportor,19-05-2023 08:02
Adăugare transportor,19-05-2023 08:02
Adăugare autovehicul,19-05-2023 08:02
Adăugare autovehicul,19-05-2023 08:02
Adăugare autovehicul,19-05-2023 08:02
Adăugare autovehicul,19-05-2023 08:02
Adăugare autovehicul,19-05-2023 08:02
Adăugare autovehicul,19-05-2023 08:02
Adăugare element artilerie,19-05-2023 08:02
Adăugare element artilerie,19-05-2023 08:02
Adăugare element artilerie,19-05-2023 08:02
Adăugare element artilerie,19-05-2023 08:02
Adăugare element artilerie,19-05-2023 08:02
Adăugare element artilerie,19-05-2023 08:02
Adăugare element artilerie,19-05-2023 08:02
Adăugare echipament special,19-05-2023 08:02
Adăugare echipament special,19-05-2023 08:02
Adăugare echipament special,19-05-2023 08:02
Adăugare echipament special,19-05-2023 08:02
Adăugare echipament special,19-05-2023 08:02
Adăugare echipament special,19-05-2023 08:02
Adăugare echipament special,19-05-2023 08:02
Adăugare element infanterie,19-05-2023 08:02
Adăugare element infanterie,19-05-2023 08:02
Adăugare element infanterie,19-05-2023 08:02
Adăugare element infanterie,19-05-2023 08:02
Adăugare element infanterie,19-05-2023 08:02
Adăugare element infanterie,19-05-2023 08:02
Adăugare element infanterie,19-05-2023 08:02
Adăugare element infanterie,19-05-2023 08:02
Adăugare element infanterie,19-05-2023 08:02
Adăugare element infanterie,19-05-2023 08:02
Adăugare element infanterie,19-05-2023 08:02
Adăugare element infanterie,19-05-2023 08:02
Adăugare element infanterie,19-05-2023 08:02
Adăugare element infanterie,19-05-2023 08:02
Adăugare element infanterie,19-05-2023 08:02
Adăugare angajat,19-05-2023 08:02
Adăugare angajat,19-05-2023 08:02
Adăugare angajat,19-05-2023 08:02
Adăugare angajat,19-05-2023 08:02
Adăugare angajat,19-05-2023 08:02
Adăugare angajat,19-05-2023 08:02
Adăugare angajat,19-05-2023 08:02
Adăugare angajat,19-05-2023 08:02
Adăugare angajat,19-05-2023 08:02
Adăugare angajat,19-05-2023 08:02
Adăugare blindat,19-05-2023 08:03
Adăugare blindat,19-05-2023 08:03
Adăugare blindat,19-05-2023 08:03
Adăugare transportor,19-05-2023 08:03
Adăugare transportor,19-05-2023 08:03
Adăugare transportor,19-05-2023 08:03
Adăugare transportor,19-05-2023 08:03
Adăugare transportor,19-05-2023 08:03
Adăugare autovehicul,19-05-2023 08:03
Adăugare autovehicul,19-05-2023 08:03
Adăugare autovehicul,19-05-2023 08:03
Adăugare autovehicul,19-05-2023 08:03
Adăugare autovehicul,19-05-2023 08:03
Adăugare autovehicul,19-05-2023 08:03
Adăugare element artilerie,19-05-2023 08:03
Adăugare element artilerie,19-05-2023 08:03
Adăugare element artilerie,19-05-2023 08:03
Adăugare element artilerie,19-05-2023 08:03
Adăugare element artilerie,19-05-2023 08:03
Adăugare element artilerie,19-05-2023 08:03
Adăugare element artilerie,19-05-2023 08:03
Adăugare echipament special,19-05-2023 08:03
Adăugare echipament special,19-05-2023 08:03
Adăugare echipament special,19-05-2023 08:03
Adăugare echipament special,19-05-2023 08:03
Adăugare echipament special,19-05-2023 08:03
Adăugare echipament special,19-05-2023 08:03
Adăugare echipament special,19-05-2023 08:03
Adăugare element infanterie,19-05-2023 08:03
Adăugare element infanterie,19-05-2023 08:03
Adăugare element infanterie,19-05-2023 08:03
Adăugare element infanterie,19-05-2023 08:03
Adăugare element infanterie,19-05-2023 08:03
Adăugare element infanterie,19-05-2023 08:03
Adăugare element infanterie,19-05-2023 08:03
Adăugare element infanterie,19-05-2023 08:03
Adăugare element infanterie,19-05-2023 08:03
Adăugare element infanterie,19-05-2023 08:03
Adăugare element infanterie,19-05-2023 08:03
Adăugare element infanterie,19-05-2023 08:03
Adăugare element infanterie,19-05-2023 08:03
Adăugare element infanterie,19-05-2023 08:03
Adăugare element infanterie,19-05-2023 08:03
Adăugare angajat,19-05-2023 08:03
Adăugare angajat,19-05-2023 08:03
Adăugare angajat,19-05-2023 08:03
Adăugare angajat,19-05-2023 08:03
Adăugare angajat,19-05-2023 08:03
Adăugare angajat,19-05-2023 08:03
Adăugare angajat,19-05-2023 08:03
Adăugare angajat,19-05-2023 08:03
Adăugare angajat,19-05-2023 08:03
Adăugare angajat,19-05-2023 08:03
